name,nickname,stance,rank,overall,striking,wrestling,grappling,defense,career_score,finishing,dominance,wins,losses,draws,ufcwins,ufclosses,ufcdraws,ufcnocon,ufctotalfights,Titlefighs_wins,pfp_rank,div_rank,divisions,maindiv,dob,strikes_landed_permin,sigstrikes_attempted,striking_acc,kd_permin,striking_def,strabsorbpm,takedown_landed,takedown_attempted,takedown_acc,control_time,takedown_def,sub_attempted,sub_avg15,total_sub,sub_resistance,durability
Jon Jones,Bones,Orthodox,1,92.35,91.19,85.9,98.1,97.27,100.0,68.29,29.4,28,1,0,22,1.0,0.0,1.0,24,16,1.0,0.0,"['heavyweight', 'light heavyweight', 'interim light heavyweight']",light heavyweight,1987/07/19,87.75,85.56,92.2,99.25,84.32,80.29,65.91,100.0,69.47,100.0,86.93,100.0,66.28,100.0,76.28,100.0
Daniel Cormier,DC,Orthodox,2,80.93,82.72,67.64,84.48,82.01,91.77,74.63,35.67,22,3,0,11,3.0,0.0,1.0,15,6,1.0,0.0,"['heavyweight', 'light heavyweight']",light heavyweight,1979/03/20,83.54,90.82,81.76,74.76,71.04,72.7,57.67,70.09,60.72,84.73,78.22,90.63,66.12,100.0,76.87,100.0
Glover Teixeira,,Orthodox,3,80.88,87.19,79.45,100.0,71.87,71.28,86.92,32.59,33,9,0,16,7.0,0.0,0.0,23,1,8.0,0.0,['light heavyweight'],light heavyweight,1979/10/28,76.78,100.0,75.92,87.97,67.8,60.81,65.07,100.0,61.16,100.0,69.87,100.0,70.61,100.0,63.04,89.0
Tito Ortiz,The People's Champ,Orthodox,4,75.12,76.74,100.0,72.78,66.42,56.91,76.74,48.42,19,12,1,15,12.0,0.0,0.0,27,6,Unranked,Unranked,"['light heavyweight', 'middleweight', 'lightweight', '13 lightweight tournament']",light heavyweight,1975/01/23,67.95,92.18,73.3,73.53,72.78,68.47,78.77,100.0,72.59,100.0,63.12,83.01,66.11,81.16,60.84,61.31
Ryan Bader,Darth,Orthodox,5,74.88,83.26,88.61,66.29,79.91,62.78,51.16,41.5,23,5,0,15,5.0,0.0,0.0,20,1,Unranked,3.0,"['light heavyweight', 'ultimate fighter 8 light heavyweight tournament']",light heavyweight,1983/06/07,71.85,87.41,71.66,100.0,85.23,80.59,78.21,100.0,70.92,100.0,74.37,87.01,63.48,69.23,45.44,79.46
Rashad Evans,Suga,Orthodox,6,72.78,74.03,91.75,62.91,74.62,61.15,60.13,37.64,19,8,1,14,9.0,0.0,0.0,23,2,Unranked,2.0,"['light heavyweight', 'middleweight', 'ultimate fighter 2 heavyweight tournament']",light heavyweight,1979/09/25,64.86,83.0,63.38,84.87,77.27,73.21,76.74,100.0,72.12,100.0,71.91,58.53,60.68,58.8,73.62,76.09
Magomed Ankalaev,,Orthodox,7,71.98,90.64,46.34,60.04,86.54,79.67,65.12,35.96,21,1,1,12,3.0,0.0,0.0,15,1,5.0,0.0,['light heavyweight'],light heavyweight,1992/06/02,78.16,100.0,81.49,100.0,74.56,76.58,37.81,49.56,37.39,57.41,81.43,59.19,61.37,59.47,60.14,100.0
Lyoto Machida,The Dragon,Southpaw,8,71.81,97.18,61.45,68.0,74.38,63.67,65.12,17.17,24,8,0,16,8.0,0.0,0.0,24,2,Unranked,1.0,"['middleweight', 'light heavyweight']",light heavyweight,1978/05/30,73.55,80.13,88.31,100.0,73.93,78.29,51.94,55.63,67.5,71.28,71.51,96.74,62.44,68.11,44.7,73.79
Corey Anderson,Overtime,Orthodox,9,71.2,80.08,93.39,62.91,71.83,54.74,44.19,52.53,14,5,0,10,5.0,0.0,0.0,15,1,Unranked,4.0,"['light heavyweight', 'ultimate fighter 19 light heavyweight tournament']",light heavyweight,1989/09/22,82.3,98.73,72.07,67.22,71.53,73.13,91.74,100.0,76.4,100.0,74.31,58.53,60.68,58.8,73.62,68.35
Alex Pereira,Poatan,Orthodox,10,70.34,95.7,25.0,63.24,80.98,85.91,84.5,1.84,12,3,0,9,2.0,0.0,0.0,11,5,2.0,0.0,"['light heavyweight', 'middleweight']",light heavyweight,1987/07/07,94.33,84.42,98.23,100.0,70.54,68.69,21.66,22.42,29.03,22.46,78.04,58.53,62.0,58.8,73.62,100.0
Jan Blachowicz,,Orthodox,11,70.01,88.38,52.06,74.0,70.16,70.16,70.93,18.2,29,11,1,12,9.0,0.0,0.0,21,2,6.0,0.0,['light heavyweight'],light heavyweight,1983/02/24,74.29,100.0,75.88,93.02,65.89,68.75,44.03,54.37,52.08,58.88,70.44,93.1,63.1,79.9,59.89,75.57
Mauricio Rua,Shogun,Orthodox,12,67.33,98.01,71.27,61.77,56.36,46.21,80.98,25.18,27,14,1,11,13.0,0.0,0.0,24,1,Unranked,4.0,['light heavyweight'],light heavyweight,1981/11/25,82.38,79.18,84.2,100.0,62.92,65.29,62.48,80.62,66.46,89.21,57.75,80.01,64.38,57.99,44.7,39.47
Phil Davis,Mr. Wonderful,Orthodox,13,66.55,68.76,71.76,80.65,89.27,38.98,46.51,51.23,17,4,0,9,4.0,0.0,0.0,13,0,Unranked,3.0,['light heavyweight'],light heavyweight,1984/09/25,68.23,87.95,57.43,61.43,90.03,84.58,65.82,87.92,59.06,82.7,74.28,88.99,66.26,91.88,75.48,100.0
Chuck Liddell,The Iceman,Orthodox,14,66.29,90.64,46.76,60.04,71.76,62.73,73.84,8.27,21,8,0,16,7.0,0.0,0.0,23,5,Unranked,Unranked,"['light heavyweight', 'middleweight', 'interim light heavyweight']",light heavyweight,1969/12/17,74.94,81.53,63.42,100.0,69.39,70.44,38.56,40.36,58.32,45.45,74.51,59.19,61.37,59.47,60.14,72.71
Jiri Prochazka,,Orthodox,15,63.74,90.04,36.71,67.4,64.32,55.1,100.0,14.03,31,5,1,5,2.0,0.0,0.0,7,1,9.0,0.0,['light heavyweight'],light heavyweight,1992/10/14,98.45,87.62,87.1,86.99,58.53,50.35,32.55,32.57,43.96,35.09,72.6,59.95,63.51,70.74,75.41,75.8
Nikita Krylov,The Miner,Orthodox,16,63.18,88.62,60.44,78.0,59.29,34.06,80.34,32.92,30,10,0,11,8.0,0.0,0.0,19,0,Unranked,5.0,"['light heavyweight', 'catch weight', 'heavyweight']",light heavyweight,1992/03/07,85.3,92.26,85.23,91.68,54.36,68.82,56.53,65.89,54.55,73.01,60.5,90.99,78.37,100.0,19.09,53.48
Alexander Gustafsson,The Mauler,Orthodox,17,61.88,91.13,46.96,65.01,61.51,45.84,79.07,16.63,18,8,0,10,8.0,0.0,0.0,18,0,13.0,1.0,"['light heavyweight', 'heavyweight']",light heavyweight,1987/01/15,78.58,100.0,64.79,100.0,61.72,61.84,41.6,51.54,43.55,48.95,72.4,74.53,67.57,84.67,33.27,50.08
Ilir Latifi,The Sledgehammer,Orthodox,18,60.86,76.95,56.51,71.72,70.32,37.5,62.01,34.43,17,9,0,9,7.0,0.0,0.0,16,0,Unranked,3.0,"['heavyweight', 'light heavyweight']",light heavyweight,1982/07/28,65.33,81.55,74.39,86.53,68.25,67.67,49.9,62.25,47.65,62.27,80.72,61.25,65.57,83.03,77.04,64.64
Quinton Jackson,Rampage,Orthodox,18,60.86,88.95,47.15,60.21,74.22,44.67,49.42,18.09,37,12,0,8,5.0,0.0,0.0,13,2,Unranked,Unranked,"['catch weight', 'light heavyweight']",light heavyweight,1978/06/20,79.26,74.81,89.14,100.0,69.37,73.01,43.49,44.32,51.48,47.73,72.39,59.19,62.03,59.47,60.14,82.1
Carlos Ulberg,Black Jag,Orthodox,20,60.58,94.9,32.66,68.24,82.53,35.95,66.86,4.74,13,1,0,8,1.0,0.0,0.0,9,0,Unranked,3.0,['light heavyweight'],light heavyweight,1990/11/07,100.0,96.1,86.02,91.21,69.46,64.09,28.76,28.84,38.92,28.51,82.34,65.16,62.94,70.12,74.74,100.0
Stephan Bonnar,The American Psycho,Orthodox,21,60.26,74.78,60.63,79.74,66.57,29.8,65.12,48.76,15,9,0,8,7.0,0.0,0.0,15,0,Unranked,Unranked,"['light heavyweight', 'ultimate fighter 1 light heavyweight tournament']",light heavyweight,1977/04/04,67.07,99.34,61.66,71.05,65.02,67.97,51.66,62.57,55.76,78.29,65.94,100.0,66.22,78.11,72.48,67.34
Ovince Saint Preux,,Southpaw,22,60.13,85.3,43.78,77.35,60.03,39.01,81.4,11.66,27,18,0,15,13.0,0.0,0.0,28,0,Unranked,5.0,"['light heavyweight', 'heavyweight', 'interim light heavyweight']",light heavyweight,1983/04/08,72.1,99.53,74.87,94.7,57.88,63.44,37.89,50.85,40.69,46.42,66.46,96.61,71.21,100.0,18.95,52.34
Forrest Griffin,,Orthodox,23,59.68,73.98,42.15,79.24,69.95,50.46,44.19,17.9,19,7,0,10,5.0,0.0,0.0,15,2,Unranked,Unranked,"['light heavyweight', 'ultimate fighter 1 light heavyweight tournament']",light heavyweight,1979/03/16,82.87,83.88,61.14,68.03,74.92,70.02,38.19,41.97,45.07,44.47,65.26,100.0,64.27,78.1,72.47,69.59
Dominick Reyes,The Devastator,Southpaw,24,59.35,95.26,19.47,68.41,70.28,47.53,84.5,6.45,15,4,0,9,4.0,0.0,0.0,13,0,15.0,1.0,['light heavyweight'],light heavyweight,1989/12/26,95.92,98.35,84.87,100.0,64.01,65.12,17.4,18.35,19.21,18.83,75.93,65.16,63.61,70.12,74.75,76.06
Matt Hamill,The Hammer,Orthodox,25,59.28,77.12,59.62,62.91,76.64,29.09,55.81,29.56,12,8,0,10,5.0,0.0,0.0,15,0,Unranked,Unranked,['light heavyweight'],light heavyweight,1976/10/05,74.88,100.0,66.35,66.17,77.11,64.42,55.62,75.75,48.34,59.24,81.18,58.53,60.68,58.8,73.62,83.85
Renato Sobral,Babalu,Orthodox,26,59.27,69.14,55.07,93.29,66.42,23.89,76.74,47.72,37,11,0,6,4.0,0.0,0.0,10,0,Unranked,Unranked,"['light heavyweight', 'heavyweight']",light heavyweight,1975/09/07,68.46,65.31,76.1,66.69,67.45,75.93,54.38,51.77,52.81,63.64,65.27,100.0,78.03,100.0,73.85,57.03
Johnny Walker,,Orthodox,27,58.96,85.15,51.83,71.13,59.9,29.05,83.06,5.17,21,9,0,7,7.0,0.0,0.0,14,0,Unranked,5.0,['light heavyweight'],light heavyweight,1992/03/30,81.4,88.52,84.16,86.51,55.19,65.32,43.71,43.35,75.93,45.72,62.96,75.42,66.55,69.0,73.55,56.13
Mike Nickels,,Orthodox,28,58.57,76.8,86.68,69.71,52.6,2.9,93.02,20.29,9,5,0,1,1.0,0.0,0.0,2,0,Unranked,Unranked,['light heavyweight'],light heavyweight,1971/12/13,89.76,63.6,86.14,67.7,69.83,74.09,100.0,67.08,100.0,66.19,38.01,65.84,81.15,70.85,61.0,28.47
Anthony Smith,Lionheart,Orthodox,29,58.08,88.3,25.16,84.39,56.03,42.48,89.27,6.79,38,22,0,13,12.0,0.0,0.0,25,0,Unranked,2.0,"['light heavyweight', 'middleweight']",light heavyweight,1988/07/26,73.75,100.0,77.53,100.0,56.63,52.73,22.51,28.99,23.24,26.17,61.84,82.27,70.43,100.0,64.81,52.92
Misha Cirkunov,,Orthodox,30,57.57,75.52,51.08,88.8,54.81,21.88,93.02,16.49,15,9,0,6,7.0,0.0,0.0,13,0,Unranked,7.0,"['light heavyweight', 'middleweight']",light heavyweight,1987/02/27,83.62,67.38,84.04,67.04,63.8,61.46,57.44,53.71,46.87,46.43,65.71,98.33,76.44,100.0,63.25,28.26
Thiago Silva,,Orthodox,31,57.28,83.01,38.38,66.64,82.92,20.42,83.06,20.61,19,6,0,7,3.0,0.0,2.0,12,0,Unranked,12.0,['light heavyweight'],light heavyweight,1982/11/12,82.92,79.93,81.55,87.64,84.66,75.07,35.0,35.63,41.1,39.43,73.49,73.65,63.7,57.37,71.83,98.46
Abdul-Kerim Edilov,,Orthodox,32,56.81,94.23,66.88,0.0,100.0,2.85,93.02,67.83,17,4,0,1,,,,1,0,Unranked,Unranked,['light heavyweight'],light heavyweight,1991/11/25,100.0,70.49,97.06,67.34,100.0,98.23,80.54,55.81,97.75,58.04,46.28,44.83,,45.04,56.39,100.0
Volkan Oezdemir,No Time,Orthodox,33,56.79,89.35,26.54,65.22,65.82,42.62,73.84,12.62,20,8,0,8,7.0,0.0,0.0,15,0,Unranked,2.0,['light heavyweight'],light heavyweight,1989/09/19,89.82,94.51,77.09,95.98,68.35,59.15,23.39,26.17,25.44,27.11,74.12,65.91,62.98,70.92,61.07,61.66
Wilson Gouveia,,Orthodox,34,56.03,76.58,39.23,90.9,63.58,17.48,93.02,9.61,14,8,0,6,4.0,0.0,0.0,10,0,Unranked,Unranked,"['middleweight', 'light heavyweight', 'catch weight']",light heavyweight,1978/10/03,73.17,81.1,66.39,85.66,69.41,60.37,36.15,35.21,48.97,36.28,64.97,100.0,76.32,100.0,74.76,59.56
Jimmy Crute,,Orthodox,35,55.73,83.9,59.69,75.02,47.99,11.79,93.02,32.81,12,4,2,4,6.0,0.0,0.0,10,0,Unranked,12.0,['light heavyweight'],light heavyweight,1996/03/04,89.61,67.78,87.87,90.33,49.17,56.97,65.45,59.84,60.17,59.34,58.57,100.0,71.31,79.46,45.4,27.25
Vladimir Matyushenko,The Janitor,Orthodox,36,55.69,70.28,59.98,61.06,65.51,26.83,60.13,33.97,27,8,0,7,5.0,0.0,0.0,12,0,Unranked,Unranked,"['light heavyweight', 'heavyweight']",light heavyweight,1971/01/04,64.63,71.4,73.88,71.22,68.8,74.59,60.86,63.18,56.6,62.76,66.56,64.3,61.45,58.91,59.58,52.1
Patrick Cummins,Durkin,Orthodox,37,55.64,79.07,74.41,61.06,50.17,21.88,46.51,44.55,10,7,0,6,7.0,0.0,0.0,13,0,Unranked,9.0,['light heavyweight'],light heavyweight,1980/11/16,82.13,93.14,77.92,63.1,62.74,60.28,80.46,93.33,64.8,82.35,49.03,64.3,61.45,58.91,59.58,28.63
Alonzo Menifield,Atomic,Orthodox,38,55.52,85.3,35.6,72.4,68.61,27.35,65.12,25.46,17,5,1,10,6.0,0.0,0.0,16,0,Unranked,11.0,['light heavyweight'],light heavyweight,1987/10/18,82.81,77.75,86.37,94.26,63.93,63.36,30.45,33.26,33.67,41.21,74.21,66.59,64.32,82.31,76.38,72.94
Vitor Petrino,,Orthodox,39,55.49,71.66,58.74,74.3,68.13,14.5,65.12,46.6,12,2,0,5,2.0,0.0,0.0,7,0,Unranked,15.0,"['heavyweight', 'light heavyweight']",light heavyweight,1997/08/28,73.41,63.92,76.64,72.67,59.68,70.82,60.95,55.99,61.62,58.25,70.09,88.08,68.26,80.51,60.35,71.94
Brandon Vera,The Truth,Orthodox,40,55.43,89.04,43.39,68.24,63.68,22.01,66.86,19.71,15,7,0,8,7.0,0.0,1.0,16,0,Unranked,Unranked,"['light heavyweight', 'heavyweight']",light heavyweight,1977/10/10,75.48,86.5,89.6,100.0,63.7,68.05,37.87,40.72,48.21,47.22,64.21,65.16,62.94,70.12,74.74,58.76
Jordan Johnson,,Orthodox,41,55.17,73.14,48.79,69.06,93.95,11.53,40.7,68.6,10,0,0,4,,,,4,0,Unranked,15.0,"['light heavyweight', 'middleweight']",light heavyweight,1988/11/18,78.99,69.19,78.11,66.28,71.98,77.08,50.76,45.62,45.84,46.6,89.14,59.93,70.22,70.71,75.38,100.0
Ion Cutelaba,The Hulk,Southpaw,42,55.0,80.7,67.02,56.64,53.08,18.76,66.86,21.68,19,11,1,8,11.0,0.0,0.0,19,0,Unranked,15.0,['light heavyweight'],light heavyweight,1993/12/14,79.85,100.0,67.7,71.38,54.66,59.84,67.22,80.29,60.99,65.32,65.65,68.72,65.67,73.95,18.23,32.16
Paul Craig,Bearjew,Orthodox,43,54.67,74.42,37.57,89.58,52.76,24.32,93.02,13.15,17,9,1,9,11.0,0.0,0.0,20,0,Unranked,8.0,"['light heavyweight', 'middleweight']",light heavyweight,1987/11/27,67.33,90.28,71.9,68.17,52.35,63.94,34.79,53.06,31.06,38.05,52.63,100.0,76.33,100.0,49.51,42.12
Azamat Murzakanov,The Professional,Southpaw,44,54.18,89.87,14.04,62.91,94.93,18.69,79.07,14.18,15,0,0,5,,,,5,0,Unranked,10.0,['light heavyweight'],light heavyweight,1989/04/12,93.06,80.9,91.33,94.19,81.86,76.11,13.11,13.96,12.49,13.36,82.67,58.53,60.68,58.8,73.62,100.0
Jamahal Hill,Sweet Dreams,Southpaw,45,54.15,92.21,3.21,62.91,63.58,53.85,76.74,5.26,12,4,0,6,4.0,0.0,1.0,11,1,13.0,0.0,['light heavyweight'],light heavyweight,1991/05/19,97.33,100.0,78.06,82.65,56.9,60.54,3.0,3.09,2.64,3.3,71.28,58.53,60.68,58.8,73.62,65.61
Kennedy Nzechukwu,African Savage,Southpaw,46,53.5,84.5,35.24,63.38,62.58,23.35,84.3,17.94,14,6,0,8,6.0,0.0,0.0,14,0,Unranked,14.0,"['heavyweight', 'light heavyweight']",light heavyweight,1992/06/13,91.91,93.27,73.69,79.13,64.18,54.14,30.49,32.3,37.33,36.44,74.1,71.9,63.84,71.11,46.67,57.9
Rob MacDonald,Maximus,Orthodox,47,53.0,70.1,71.07,72.89,45.08,2.94,93.02,12.84,5,4,0,1,2.0,0.0,0.0,3,0,Unranked,Unranked,['light heavyweight'],light heavyweight,1978/09/05,65.48,63.78,83.51,67.63,48.09,61.5,96.45,53.88,82.31,53.06,60.4,76.93,98.05,70.39,46.2,10.33
Ryan Spann,Superman,Orthodox,48,52.64,79.43,31.77,76.43,55.85,27.62,75.58,15.16,22,11,0,8,6.0,0.0,0.0,14,0,Unranked,8.0,"['light heavyweight', 'heavyweight', 'catch weight']",light heavyweight,1991/08/24,73.86,88.39,65.6,89.87,54.37,57.61,30.47,32.78,31.16,33.1,61.25,90.78,73.79,93.73,47.41,50.17
Michal Oleksiejczuk,Hussar,Southpaw,49,52.61,96.79,32.07,48.59,61.5,22.01,84.3,8.13,20,9,0,8,7.0,0.0,1.0,16,0,Unranked,Unranked,"['light heavyweight', 'middleweight']",light heavyweight,1995/02/22,90.53,100.0,78.89,100.0,72.64,57.1,30.76,32.02,35.0,31.31,61.51,62.89,65.2,63.18,3.09,54.74
Devin Clark,Brown Bear,Orthodox,50,52.43,82.86,66.52,52.48,51.35,20.79,31.98,41.54,14,9,0,8,9.0,0.0,0.0,17,0,Unranked,Unranked,"['light heavyweight', 'heavyweight', 'middleweight']",light heavyweight,1990/04/12,72.88,94.49,84.1,79.97,51.91,60.62,58.29,83.46,54.03,80.88,59.59,66.92,63.95,61.31,17.75,33.29
Khalil Rountree Jr.,,Southpaw,51,52.41,98.93,1.64,61.06,65.54,40.78,79.07,2.11,15,6,0,10,6.0,0.0,1.0,17,0,Unranked,4.0,"['light heavyweight', 'ultimate fighter 23 light heavyweight tournament']",light heavyweight,1990/02/26,77.58,100.0,65.64,100.0,63.49,60.3,1.58,1.63,1.39,1.67,66.79,64.3,61.45,58.91,59.58,71.58
Tyson Pedro,,Orthodox,52,52.29,85.47,24.74,70.54,66.25,17.52,93.02,12.54,10,5,0,6,5.0,0.0,0.0,11,0,Unranked,12.0,['light heavyweight'],light heavyweight,1991/09/17,76.02,74.49,95.51,95.87,68.38,71.78,23.62,24.81,25.11,25.03,61.28,67.34,69.19,83.24,62.39,63.56
Wanderlei Silva,The Axe Murderer,Orthodox,53,52.26,84.65,31.64,64.76,60.96,21.12,86.05,4.21,35,13,1,5,7.0,0.0,0.0,12,0,Unranked,Unranked,"['light heavyweight', 'catch weight', 'middleweight']",light heavyweight,1976/07/03,72.37,83.51,68.76,100.0,68.91,69.65,30.04,28.77,37.05,28.74,62.74,63.64,64.08,58.31,73.0,42.54
Tomasz Drwal,Gorilla,Orthodox,54,51.78,70.57,49.71,65.72,61.99,8.76,93.02,17.18,21,5,1,3,3.0,0.0,0.0,6,0,Unranked,Unranked,"['middleweight', 'light heavyweight']",light heavyweight,1982/01/22,76.6,68.76,66.11,70.82,65.74,68.91,54.76,44.01,54.61,42.32,69.94,65.9,65.01,70.91,61.06,43.37
Cyrille Diabate,The Snake,Southpaw,55,51.43,90.34,49.35,59.66,55.07,11.7,58.14,15.19,19,10,1,4,4.0,0.0,0.0,8,0,Unranked,Unranked,['light heavyweight'],light heavyweight,1973/10/06,86.97,78.24,100.0,84.99,65.85,69.31,45.43,42.92,66.12,45.26,56.75,67.64,65.35,72.79,32.86,28.36
Dustin Jacoby,The Hanyak,Orthodox,56,51.36,89.57,21.37,60.04,69.0,24.68,69.77,9.48,21,9,1,9,7.0,0.0,0.0,16,0,Unranked,13.0,"['light heavyweight', 'middleweight']",light heavyweight,1988/04/04,93.78,92.11,76.11,96.27,72.17,62.16,19.3,21.71,20.73,21.8,68.63,59.19,61.37,59.47,60.14,73.04
Zhang Mingyang,Mountain Tiger,Orthodox,57,50.71,100.0,0.82,62.91,88.55,8.63,93.02,6.49,19,6,0,3,,,,3,0,Unranked,13.0,['light heavyweight'],light heavyweight,1998/08/16,100.0,68.56,100.0,79.3,75.28,64.4,0.8,0.83,0.7,0.83,70.63,58.53,60.68,58.8,73.62,100.0
Krzysztof Soszynski,The Polish Experiment,Open Stance,58,50.49,71.93,26.41,78.03,71.47,17.44,69.77,29.19,26,12,1,6,3.0,0.0,0.0,9,0,Unranked,Unranked,['light heavyweight'],light heavyweight,1977/08/02,76.25,75.21,66.4,69.85,72.31,68.12,23.73,25.22,24.9,28.72,71.37,92.28,67.14,79.2,73.49,74.08
Oumar Sy,,Orthodox,59,50.44,74.78,32.62,68.59,86.36,5.78,58.14,44.06,11,1,0,2,1.0,0.0,0.0,3,0,Unranked,Unranked,['light heavyweight'],light heavyweight,1995/11/21,81.69,68.14,82.49,66.8,86.25,79.33,33.02,30.09,30.7,29.71,84.36,65.17,64.3,70.13,74.76,95.5
Fabio Maldonado,Caipira de Aco,Orthodox,60,50.14,85.5,37.76,66.47,61.08,14.67,51.16,17.48,23,11,0,5,6.0,0.0,0.0,11,0,Unranked,12.0,"['light heavyweight', 'catch weight', 'heavyweight']",light heavyweight,1980/03/17,93.98,87.13,90.32,70.56,65.66,57.94,32.91,34.16,44.42,38.35,65.94,73.64,63.05,57.37,71.82,54.78
Da Woon Jung,Sseda,Orthodox,61,49.96,75.72,42.28,65.39,59.17,11.74,75.58,28.42,15,6,1,4,5.0,0.0,0.0,9,0,Unranked,Unranked,['light heavyweight'],light heavyweight,1993/12/07,75.17,79.57,67.67,80.47,60.26,57.3,39.79,40.56,43.91,42.4,69.96,65.91,63.67,70.92,61.07,49.15
Rogerio Nogueira,Minotouro,Southpaw,62,49.8,75.61,26.6,64.24,63.04,26.16,69.77,5.79,23,10,0,6,7.0,0.0,0.0,13,0,Unranked,5.0,['light heavyweight'],light heavyweight,1976/06/02,64.93,96.96,58.76,81.79,69.16,69.85,24.89,23.91,29.92,25.36,63.88,58.54,65.96,58.82,73.64,49.28
Rodolfo Bellato,Trator,Orthodox,62,49.8,84.71,25.29,63.41,75.47,2.94,93.02,17.28,12,2,1,1,2.0,0.0,0.0,3,0,Unranked,Unranked,['light heavyweight'],light heavyweight,1996/02/05,100.0,72.66,96.96,67.27,62.77,49.65,24.09,22.73,25.39,22.28,88.87,58.54,62.66,58.81,73.63,100.0
Modestas Bukauskas,The Baltic Gladiator,Switch,64,49.53,73.0,37.04,68.24,63.61,17.48,58.14,11.48,18,6,0,6,4.0,0.0,0.0,10,0,Unranked,Unranked,['light heavyweight'],light heavyweight,1994/02/10,75.64,75.81,70.37,70.18,63.57,59.69,31.46,32.04,45.75,34.48,72.21,65.16,62.94,70.12,74.74,58.96
Jimi Manuwa,Poster Boy,Orthodox,65,49.51,81.21,20.32,63.57,54.32,30.39,81.4,14.16,17,6,0,6,6.0,0.0,0.0,12,0,Unranked,2.0,['light heavyweight'],light heavyweight,1980/02/18,79.97,73.01,88.09,83.76,58.1,57.07,18.63,20.6,18.35,21.03,65.59,58.53,63.32,58.8,73.62,36.53
Darko Stosic,,Orthodox,66,49.44,70.21,46.2,62.91,62.74,2.98,93.02,30.23,13,4,0,1,3.0,0.0,0.0,4,0,Unranked,Unranked,['light heavyweight'],light heavyweight,1992/02/09,71.54,67.21,75.73,66.37,69.52,58.87,50.46,43.34,47.56,40.1,73.27,58.53,60.68,58.8,73.62,49.3
James Te Huna,,Orthodox,67,49.09,78.86,45.32,55.51,55.19,14.63,65.12,27.16,16,9,0,5,5.0,0.0,0.0,10,0,Unranked,13.0,"['light heavyweight', 'middleweight']",light heavyweight,1981/09/29,86.24,65.29,85.01,78.91,69.26,62.61,47.67,45.88,43.42,46.42,59.87,65.93,63.69,60.4,32.02,29.01
Anthony Perosh,The Hippo,Orthodox,68,49.03,72.79,32.46,78.05,49.4,14.71,93.02,15.95,15,10,0,5,7.0,0.0,0.0,12,0,Unranked,Unranked,"['light heavyweight', 'heavyweight']",light heavyweight,1972/10/05,67.35,75.85,72.02,75.94,60.96,57.51,34.02,37.96,29.4,32.85,50.96,67.85,71.79,94.73,77.83,28.17
Jonathan Wilson,Johnny Bravo,Southpaw,69,49.02,75.28,49.05,62.91,51.83,2.98,93.02,7.22,7,3,0,1,3.0,0.0,0.0,4,0,Unranked,Unranked,"['light heavyweight', 'middleweight']",light heavyweight,1987/07/17,75.37,66.89,80.57,78.29,65.25,45.58,40.33,40.04,70.76,40.48,69.69,58.53,60.68,58.8,73.62,26.8
Jason Lambert,The Punisher,Orthodox,69,49.02,82.06,32.2,69.91,49.93,11.7,93.02,24.13,26,13,0,4,4.0,0.0,0.0,8,0,Unranked,Unranked,"['light heavyweight', 'middleweight']",light heavyweight,1975/06/03,79.03,69.91,94.4,84.9,56.01,68.25,32.83,31.72,34.25,34.12,47.37,71.06,77.8,70.27,60.51,28.09
Philipe Lins,Monstro,Orthodox,71,48.3,77.88,35.47,62.91,71.67,11.61,40.7,40.13,18,5,0,4,2.0,0.0,0.0,6,0,Unranked,Unranked,"['light heavyweight', 'heavyweight']",light heavyweight,1985/08/17,80.29,82.36,78.78,70.09,59.76,64.68,33.36,33.79,32.89,34.9,83.11,58.53,60.68,58.8,73.62,79.12
Eric Schafer,Red,Orthodox,72,47.93,64.85,37.76,78.5,51.55,8.89,93.02,25.93,14,8,2,3,6.0,0.0,0.0,9,0,Unranked,Unranked,"['light heavyweight', 'middleweight']",light heavyweight,1977/09/20,62.37,73.93,59.48,63.62,63.15,59.56,37.84,38.85,37.57,38.69,56.59,87.27,72.92,79.78,74.03,26.9
Francimar Barroso,Bodao,Orthodox,73,47.66,74.8,41.72,60.04,72.21,11.74,23.26,30.67,19,7,0,4,4.0,0.0,1.0,9,0,Unranked,Unranked,['light heavyweight'],light heavyweight,1980/02/28,71.99,78.45,83.3,65.47,72.87,68.11,39.42,51.82,34.0,40.0,75.7,59.19,61.37,59.47,60.14,72.17
Kyle Kingsbury,Kingsbu,Orthodox,74,47.29,72.88,47.48,60.04,58.27,11.74,40.7,29.6,11,6,0,4,5.0,0.0,0.0,9,0,Unranked,Unranked,['light heavyweight'],light heavyweight,1982/03/22,70.86,86.75,65.87,68.04,62.33,60.41,48.76,52.23,46.27,47.11,61.14,59.19,61.37,59.47,60.14,49.2
Goran Reljic,,Southpaw,75,47.28,66.89,40.22,64.73,60.08,2.98,93.02,47.9,15,8,0,1,3.0,0.0,0.0,4,0,Unranked,Unranked,"['light heavyweight', 'middleweight']",light heavyweight,1984/03/20,61.85,71.21,64.3,70.2,69.92,68.09,40.96,38.46,45.69,40.98,53.44,58.54,67.93,58.81,73.64,48.88
Ryan Jimmo,The Big Deal,Orthodox,76,47.1,87.49,27.36,62.91,57.4,8.8,69.77,38.96,19,5,0,3,4.0,0.0,0.0,7,0,Unranked,15.0,['light heavyweight'],light heavyweight,1981/11/27,78.36,76.1,100.0,90.65,54.34,64.45,23.92,24.79,25.96,29.44,70.81,58.53,60.68,58.8,73.62,40.0
Jason Brilz,Hitman,Orthodox,77,47.0,69.23,44.04,69.35,59.1,8.8,46.51,54.86,22,6,1,3,4.0,0.0,0.0,7,0,Unranked,Unranked,['light heavyweight'],light heavyweight,1975/07/07,69.75,75.55,67.34,64.29,73.91,72.67,45.87,50.78,39.32,49.75,49.03,83.47,66.58,56.55,70.8,40.79
Luiz Cane,Banha,Southpaw,78,46.86,82.66,18.78,64.27,64.56,11.74,75.58,6.56,17,7,0,4,5.0,0.0,0.0,9,0,Unranked,Unranked,"['middleweight', 'light heavyweight']",light heavyweight,1981/04/24,92.81,65.06,72.04,100.0,72.75,52.76,16.94,17.33,18.15,17.1,81.2,63.64,62.13,58.31,73.0,51.53
Gadzhimurad Antigulov,,Orthodox,79,46.79,72.96,46.89,70.67,35.24,5.91,93.02,20.8,20,8,0,2,4.0,0.0,0.0,6,0,Unranked,12.0,['light heavyweight'],light heavyweight,1987/02/09,68.47,64.89,90.42,68.05,44.57,50.0,64.35,47.0,47.58,44.66,35.69,61.91,73.93,83.93,62.91,10.7
Keith Jardine,The Dean of Mean,Orthodox,80,46.24,74.51,29.97,64.07,59.84,17.61,46.51,5.14,17,11,2,6,7.0,0.0,0.0,13,0,Unranked,Unranked,"['light heavyweight', 'heavyweight']",light heavyweight,1975/10/31,74.05,82.99,61.82,79.18,68.67,64.81,29.13,28.2,33.14,27.56,63.42,58.54,65.3,58.81,73.63,42.46
Gian Villante,,Orthodox,81,46.06,84.0,21.5,60.04,56.52,17.35,63.13,7.92,17,14,0,7,11.0,0.0,0.0,18,0,Unranked,12.0,"['heavyweight', 'light heavyweight']",light heavyweight,1985/08/18,82.52,100.0,70.27,83.09,66.15,48.21,19.02,22.26,19.78,21.0,72.88,59.19,61.37,59.47,60.14,38.83
Igor Pokrajac,The Duke,Orthodox,82,45.99,77.09,31.81,64.53,48.99,11.91,75.58,20.81,28,13,0,4,8.0,0.0,1.0,13,0,Unranked,Unranked,['light heavyweight'],light heavyweight,1979/01/02,67.52,78.92,74.86,87.07,48.97,54.6,29.47,33.31,30.67,34.44,58.04,60.66,64.26,71.58,61.63,34.35
Aleksandar Rakic,Rocket,Orthodox,83,45.8,87.47,35.34,0.0,68.66,30.3,46.51,42.21,14,5,0,6,4.0,0.0,0.0,10,0,Unranked,2.0,['light heavyweight'],light heavyweight,1992/02/06,79.64,100.0,76.35,82.05,63.5,68.2,30.29,34.3,30.72,41.45,75.28,44.83,,45.04,56.39,67.67
William Knight,Knightmare,Orthodox,84,45.66,78.75,35.99,64.43,55.54,8.8,46.51,21.63,11,5,0,3,4.0,0.0,0.0,7,0,Unranked,Unranked,"['light heavyweight', 'heavyweight']",light heavyweight,1988/04/03,72.51,73.8,90.52,78.17,45.76,63.47,36.34,37.42,37.32,34.78,59.0,63.64,62.78,58.3,73.0,53.93
Patrick Walsh,The Beast of the East,Unknown,85,45.57,58.98,45.42,67.98,76.98,2.9,23.26,68.24,10,3,0,1,1.0,0.0,0.0,2,0,Unranked,Unranked,"['light heavyweight', 'middleweight']",light heavyweight,1988/11/28,61.13,73.67,39.97,61.15,78.34,70.15,47.57,38.89,47.91,39.84,82.77,73.71,68.89,57.42,71.89,76.66
Bogdan Guskov,Czarevitch,Orthodox,86,45.19,80.82,0.95,67.91,68.01,12.95,93.02,5.53,17,3,0,3,1.0,0.0,0.0,4,0,Unranked,10.0,['light heavyweight'],light heavyweight,1992/09/12,85.3,69.38,89.89,78.72,57.02,67.98,0.92,0.95,0.81,0.96,66.26,71.06,69.79,70.28,60.51,80.78
Nicolae Negumereanu,,Orthodox,87,45.03,71.36,25.85,62.91,65.0,11.61,58.14,25.99,13,2,0,4,2.0,0.0,0.0,6,0,Unranked,Unranked,['light heavyweight'],light heavyweight,1994/09/04,78.49,72.85,69.19,64.91,54.7,51.94,24.86,25.55,25.23,25.97,70.77,58.53,60.68,58.8,73.62,82.58
Houston Alexander,The Assassin,Orthodox,88,44.98,80.03,32.66,60.04,43.19,5.91,93.02,3.79,17,15,1,2,4.0,0.0,0.0,6,0,Unranked,Unranked,"['light heavyweight', 'catch weight']",light heavyweight,1972/03/22,77.14,69.9,88.72,84.36,55.74,57.06,33.01,29.76,40.81,29.91,47.34,59.19,61.37,59.47,60.14,12.63
Steve Bosse,The Boss,Orthodox,89,44.72,81.89,21.11,62.91,65.67,5.78,58.14,11.13,12,2,0,2,1.0,0.0,0.0,3,0,Unranked,Unranked,"['light heavyweight', 'middleweight']",light heavyweight,1981/07/29,100.0,63.92,86.23,73.32,64.04,51.19,19.77,18.71,21.14,18.66,83.22,58.53,60.68,58.8,73.62,64.23
Vinny Magalhaes,Pezao,Orthodox,90,44.53,61.64,29.94,68.39,49.36,9.43,100.0,7.58,14,9,0,1,4.0,0.0,0.0,5,0,Unranked,Unranked,"['light heavyweight', 'ultimate fighter 8 light heavyweight tournament']",light heavyweight,1984/07/02,62.44,76.55,46.0,61.57,72.11,53.78,30.11,27.99,32.66,26.61,60.4,59.93,67.52,70.72,75.39,11.16
Sam Hoger,The Alaskan Assassin,Orthodox,91,43.66,60.14,29.35,70.94,65.54,5.87,58.14,24.51,10,4,0,2,3.0,0.0,0.0,5,0,Unranked,Unranked,['light heavyweight'],light heavyweight,1980/06/28,55.25,67.87,48.69,68.76,69.92,73.37,29.46,29.69,32.02,29.54,53.44,70.33,69.73,69.56,74.14,65.42
Yuki Kondo,,Southpaw,92,43.65,68.38,24.77,60.87,49.56,9.35,100.0,14.47,60,33,9,1,2.0,0.0,0.0,3,0,Unranked,Unranked,"['middleweight', 'light heavyweight']",light heavyweight,1975/07/17,59.13,63.09,73.0,78.29,57.26,63.77,24.42,23.34,28.31,23.94,50.84,59.19,64.69,59.46,60.14,26.36
Steve Cantwell,The Robot,Orthodox,93,43.47,70.18,19.63,69.93,56.92,3.07,93.02,6.39,7,6,0,1,5.0,0.0,0.0,6,0,Unranked,Unranked,"['middleweight', 'light heavyweight']",light heavyweight,1986/12/08,75.27,85.71,57.86,61.89,66.98,46.69,18.24,18.94,19.65,17.86,72.63,70.31,65.74,69.54,74.13,41.38
Rameau Thierry Sokoudjou,The African Assassin,Orthodox,94,43.37,71.14,31.09,61.55,47.6,2.94,93.02,1.71,18,18,0,1,2.0,0.0,0.0,3,0,Unranked,Unranked,['light heavyweight'],light heavyweight,1984/04/18,68.48,68.38,75.81,71.89,58.31,59.83,32.03,27.64,34.11,26.33,61.61,59.2,67.37,59.48,60.15,10.65
Ibo Aslan,The Last Ottoman,Orthodox,94,43.37,85.24,0.03,60.04,69.06,5.78,93.02,0.14,14,2,0,2,1.0,0.0,0.0,3,0,Unranked,Unranked,['light heavyweight'],light heavyweight,1996/04/23,100.0,64.59,83.17,72.87,77.59,58.29,0.03,0.03,0.02,0.03,76.23,59.19,61.37,59.47,60.14,64.13
Tafon Nchukwi,Da Don,Orthodox,96,43.09,83.53,34.91,62.91,51.5,5.91,23.26,17.21,6,4,0,2,4.0,0.0,0.0,6,0,Unranked,Unranked,"['light heavyweight', 'middleweight']",light heavyweight,1994/10/14,95.6,86.35,82.24,69.93,61.74,55.01,31.83,31.79,41.34,32.69,62.14,58.53,60.68,58.8,73.62,27.11
Cody Donovan,Donnybrook,Orthodox,97,42.96,85.75,23.33,67.45,35.87,2.98,93.02,12.4,8,5,0,1,3.0,0.0,0.0,4,0,Unranked,Unranked,['light heavyweight'],light heavyweight,1981/02/20,100.0,65.5,96.14,79.69,51.05,44.05,26.62,24.01,25.14,23.48,37.23,68.73,70.74,57.87,72.46,11.16
Eliot Marshall,Fire,Orthodox,98,42.66,62.41,19.96,70.28,70.67,8.76,46.51,7.48,10,4,0,3,3.0,0.0,0.0,6,0,Unranked,Unranked,['light heavyweight'],light heavyweight,1980/07/07,63.77,63.93,51.97,69.97,79.14,71.35,18.25,18.72,20.59,18.38,72.22,70.33,67.08,69.56,74.15,59.98
Rafael Cavalcante,Feijao,Orthodox,99,42.5,75.67,21.53,63.07,43.49,7.3,93.02,1.52,12,7,0,1,4.0,0.0,0.0,5,0,Unranked,9.0,['light heavyweight'],light heavyweight,1980/04/14,73.31,69.99,86.71,72.66,52.52,53.8,20.43,19.72,23.96,19.52,56.93,58.53,61.33,58.8,73.62,10.71
Rodney Wallace,Shonuff the Master,Switch,100,42.2,67.02,61.68,65.43,44.65,0.09,0.0,46.24,26,15,1,0,3.0,0.0,0.0,3,0,Unranked,Unranked,['light heavyweight'],light heavyweight,1981/11/21,58.8,64.57,77.71,67.0,51.33,57.54,81.93,61.93,64.48,53.72,47.29,63.66,66.72,58.32,73.02,22.43
Justin Ledet,El Blanco,Orthodox,101,42.08,71.13,25.62,68.24,53.22,8.8,46.51,4.36,9,4,0,3,4.0,0.0,0.0,7,0,Unranked,15.0,"['light heavyweight', 'heavyweight']",light heavyweight,1988/09/28,74.44,81.94,64.98,63.17,60.33,53.08,23.55,24.01,31.09,24.09,57.28,65.16,62.94,70.12,74.74,42.18
Ike Villanueva,Hurricane,Orthodox,102,41.25,71.67,26.54,62.91,39.68,3.07,93.02,2.22,18,14,0,1,5.0,0.0,0.0,6,0,Unranked,Unranked,"['light heavyweight', 'heavyweight']",light heavyweight,1984/04/04,79.4,71.17,65.71,70.39,42.9,32.26,23.58,22.97,29.74,22.66,72.39,58.53,60.68,58.8,73.62,11.17
Henrique da Silva,Frankenstein,Orthodox,103,40.16,80.08,12.57,65.39,37.04,5.91,93.02,17.66,14,5,0,2,4.0,0.0,0.0,6,0,Unranked,Unranked,['light heavyweight'],light heavyweight,1989/09/01,83.97,73.83,95.43,67.1,46.05,44.69,12.46,12.9,12.25,13.65,44.52,65.91,63.67,70.92,61.07,12.9
David Heath,,Orthodox,104,40.09,61.24,27.26,68.43,48.94,5.87,58.14,11.84,18,7,0,2,3.0,0.0,0.0,5,0,Unranked,Unranked,['light heavyweight'],light heavyweight,1976/02/10,59.67,65.32,55.47,64.5,58.02,48.69,24.69,24.86,32.19,25.64,60.66,76.17,67.87,69.68,60.0,28.4
Mike Rodriguez,Slo Mike,Southpaw,105,40.07,86.64,4.71,57.18,45.43,5.99,93.02,13.47,11,7,0,2,5.0,0.0,1.0,8,0,Unranked,Unranked,['light heavyweight'],light heavyweight,1988/11/28,87.72,78.58,86.19,94.07,48.93,53.64,4.59,4.78,4.05,5.21,51.81,59.94,62.14,60.22,46.42,27.35
Marcin Prachnio,,Orthodox,106,39.9,86.72,12.53,57.18,48.07,11.79,40.7,4.71,17,8,0,4,6.0,0.0,0.0,10,0,Unranked,Unranked,['light heavyweight'],light heavyweight,1988/07/14,92.25,100.0,81.7,67.48,59.18,58.45,11.76,12.44,12.36,12.35,55.71,59.94,62.14,60.22,46.42,18.94
Jeremy Kimball,,Switch,107,39.33,72.41,16.85,60.04,42.29,2.98,93.02,4.41,15,8,0,1,3.0,0.0,0.0,4,0,Unranked,Unranked,['light heavyweight'],light heavyweight,1991/01/03,74.15,65.09,77.82,72.59,52.82,52.71,17.98,16.39,16.3,15.81,52.86,59.19,61.37,59.47,60.14,10.77
Aleksa Camur,,Orthodox,108,39.21,80.56,16.72,62.91,58.71,2.98,23.26,19.83,6,3,0,1,3.0,0.0,0.0,4,0,Unranked,Unranked,['light heavyweight'],light heavyweight,1995/09/25,91.35,72.57,91.41,66.91,66.13,57.83,15.99,16.84,16.47,16.66,61.09,58.53,60.68,58.8,73.62,49.79
Danilo Marques,,Orthodox,109,39.02,82.13,46.7,0.0,47.82,5.82,58.14,69.52,11,4,0,2,2.0,0.0,0.0,4,0,Unranked,Unranked,['light heavyweight'],light heavyweight,1985/12/26,64.36,69.65,100.0,70.0,59.12,65.14,57.53,51.94,43.81,49.89,38.32,44.83,,52.9,56.39,28.71
Keith Berish,Sha Bang Bang,Orthodox,110,38.49,67.96,27.36,62.91,66.94,0.04,0.0,5.33,5,1,0,0,1.0,0.0,1.0,2,0,Unranked,Unranked,"['middleweight', 'light heavyweight']",light heavyweight,1985/11/14,79.93,61.55,64.27,66.09,81.42,58.95,31.12,27.33,32.03,26.18,45.53,58.53,60.68,58.8,73.62,81.86
Tuco Tokkos,,Orthodox,111,38.31,67.14,48.66,0.0,46.43,2.94,93.02,46.93,11,5,0,1,2.0,0.0,0.0,3,0,Unranked,Unranked,['light heavyweight'],light heavyweight,1990/06/30,66.31,68.06,68.65,65.54,54.05,53.85,59.8,46.49,51.52,45.17,50.75,44.83,,52.9,45.55,27.07
Elvis Sinosic,The King of Rock n' Rumble,Orthodox,112,37.26,65.39,0.79,70.76,38.99,9.52,100.0,1.98,7,11,2,1,6.0,0.0,0.0,7,0,Unranked,Unranked,"['middleweight', 'light heavyweight']",light heavyweight,1971/02/13,57.23,69.16,64.62,70.55,58.22,49.47,0.83,0.86,0.73,0.86,37.14,70.32,69.05,69.54,74.13,11.13
Zac Pauga,The High Chief,Orthodox,113,37.02,81.92,12.86,62.91,49.88,2.98,23.26,36.94,7,3,0,1,3.0,0.0,0.0,4,0,Unranked,Unranked,"['light heavyweight', 'heavyweight']",light heavyweight,1988/02/25,89.88,71.42,98.74,67.64,60.28,59.31,11.5,12.64,10.38,12.86,69.24,58.53,60.68,58.8,73.62,10.69
Stanislav Nedkov,Stucky,Orthodox,114,36.62,74.89,37.5,0.0,42.88,2.98,93.02,28.07,12,2,0,1,2.0,0.0,1.0,4,0,Unranked,Unranked,"['light heavyweight', 'middleweight']",light heavyweight,1981/12/09,77.14,73.65,72.41,76.35,53.19,47.97,44.62,37.59,41.82,37.36,40.23,44.83,,45.04,45.55,30.14
Chris Dempsey,,Orthodox,115,36.33,64.2,27.98,62.91,45.31,2.98,23.26,20.29,11,5,0,1,3.0,0.0,0.0,4,0,Unranked,Unranked,"['light heavyweight', 'middleweight']",light heavyweight,1987/09/08,66.09,68.88,57.62,64.21,68.05,60.19,33.2,29.48,27.24,27.36,42.05,58.53,60.68,58.8,73.62,10.95
Joachim Christensen,,Orthodox,116,35.94,75.1,4.61,57.18,37.8,2.98,93.02,25.61,14,6,0,1,3.0,0.0,0.0,4,0,Unranked,Unranked,['light heavyweight'],light heavyweight,1978/11/07,80.75,74.04,69.62,75.99,49.55,55.51,4.75,4.99,4.18,5.36,35.5,59.94,62.14,60.22,46.42,10.64
Josh Stansbury,The Sandman,Orthodox,117,35.68,75.55,6.9,66.29,53.75,2.94,23.26,49.32,4,8,0,1,2.0,0.0,0.0,3,0,Unranked,Unranked,['light heavyweight'],light heavyweight,1984/11/19,77.93,69.17,87.95,67.15,60.8,58.03,6.18,6.67,5.44,7.26,69.47,68.7,66.17,57.85,72.43,26.7
Aaron Rosa,,Orthodox,118,35.66,74.84,17.44,63.57,43.4,2.94,23.26,4.1,18,6,0,1,2.0,0.0,0.0,3,0,Unranked,Unranked,"['light heavyweight', 'heavyweight']",light heavyweight,1983/05/28,83.46,72.77,77.43,65.7,49.22,49.01,15.88,15.78,18.15,15.69,64.61,58.53,63.32,58.8,73.62,10.76
James Irvin,The Sandman,Orthodox,119,35.35,74.72,1.15,58.01,36.81,11.79,69.77,2.09,17,10,0,4,6.0,0.0,0.0,10,0,Unranked,Unranked,"['light heavyweight', 'middleweight', 'heavyweight']",light heavyweight,1978/09/12,67.8,65.37,81.22,84.48,39.22,50.95,1.14,1.2,1.0,1.19,46.63,59.92,65.5,60.21,46.41,10.44
Marvin Eastman,The Beastman,Orthodox,120,35.31,65.15,24.8,62.91,42.52,3.02,23.26,12.17,18,15,1,1,4.0,0.0,0.0,5,0,Unranked,Unranked,"['middleweight', 'light heavyweight']",light heavyweight,1971/06/08,66.54,67.12,61.96,64.98,45.87,51.33,24.53,22.83,24.9,22.57,62.29,58.53,60.68,58.8,73.62,10.59
Seth Petruzelli,The Silverback,Orthodox,121,35.03,70.72,26.18,64.44,45.22,0.13,0.0,4.92,14,8,0,0,4.0,0.0,0.0,4,0,Unranked,Unranked,['light heavyweight'],light heavyweight,1979/12/03,67.62,67.23,70.78,77.25,56.93,62.6,24.52,24.29,31.45,24.11,50.79,80.11,74.85,58.05,44.75,10.55
Maxim Grishin,Maximus,Orthodox,122,34.93,79.97,12.7,0.0,68.78,5.87,58.14,17.05,32,10,2,2,3.0,0.0,0.0,5,0,Unranked,Unranked,"['light heavyweight', 'heavyweight']",light heavyweight,1984/05/02,75.61,86.32,82.5,75.45,70.31,72.55,11.76,12.45,11.84,12.7,67.44,44.83,,45.04,56.39,64.82
Khadis Ibragimov,,Orthodox,123,34.89,74.58,25.39,61.4,43.74,0.13,0.0,35.25,8,4,0,0,4.0,0.0,0.0,4,0,Unranked,Unranked,['light heavyweight'],light heavyweight,1995/05/21,79.56,72.5,80.26,66.0,51.08,50.07,23.9,23.89,24.8,24.78,63.04,64.31,62.78,58.92,59.59,10.78
Marcel Fortuna,,Orthodox,124,34.63,76.08,7.82,0.0,66.99,2.94,93.02,4.64,9,3,0,1,2.0,0.0,0.0,3,0,Unranked,Unranked,"['light heavyweight', 'heavyweight']",light heavyweight,1985/10/22,81.05,77.14,75.61,70.52,78.29,57.36,7.45,8.06,6.74,7.3,72.7,44.83,,45.04,56.39,59.6
Daniel Jolly,The Werewolf of Texas,Orthodox,125,33.93,67.33,28.34,62.91,41.07,0.04,0.0,3.79,5,3,0,0,2.0,0.0,0.0,2,0,Unranked,Unranked,['light heavyweight'],light heavyweight,1984/09/03,60.7,63.45,77.96,67.21,47.44,54.46,33.31,25.6,29.18,25.11,51.81,58.53,60.68,58.8,73.62,10.56
Frank Shamrock,,Orthodox,126,33.73,0.0,24.84,84.92,0.0,46.47,100.0,0.89,23,10,2,5,,,,5,5,Unranked,Unranked,['light heavyweight'],light heavyweight,1972/12/08,59.46,40.48,,50.58,,44.1,23.43,23.32,30.47,22.97,24.02,100.0,67.74,89.38,73.43,100.0
Bobby Southworth,,Orthodox,127,33.47,63.99,54.58,0.0,55.27,0.0,0.0,16.6,10,6,0,0,1.0,0.0,0.0,1,0,Unranked,Unranked,['light heavyweight'],light heavyweight,1969/12/16,56.41,66.28,67.58,65.7,69.01,70.47,63.55,44.04,68.28,43.59,59.39,44.83,,45.04,56.39,22.21
John Allan,,Orthodox,128,33.24,72.94,41.95,0.0,60.36,0.09,0.0,16.73,13,7,0,0,2.0,0.0,1.0,3,0,Unranked,Unranked,['light heavyweight'],light heavyweight,1993/02/22,76.62,82.76,68.88,63.49,67.21,49.24,40.73,37.83,53.83,37.03,64.07,44.83,,45.04,56.39,60.92
James Lee,,Southpaw,129,33.21,65.7,71.37,0.0,31.57,0.0,0.0,8.61,15,3,0,0,1.0,0.0,0.0,1,0,Unranked,Unranked,['light heavyweight'],light heavyweight,1973/09/22,61.11,62.31,72.52,66.85,31.59,50.54,100.0,57.47,73.11,55.43,33.97,44.83,,45.04,56.39,10.18
Vinicius Moreira,Mamute,Orthodox,130,32.76,77.3,19.7,62.21,35.53,0.13,0.0,8.81,9,5,0,0,4.0,0.0,0.0,4,0,Unranked,Unranked,['light heavyweight'],light heavyweight,1989/02/28,78.28,67.47,95.45,68.0,48.54,45.86,23.42,20.83,19.65,19.76,36.72,59.2,70.02,59.47,60.15,11.0
Billy Elekana,Son of Susie,Southpaw,131,32.55,80.44,55.86,0.0,32.1,0.0,0.0,45.08,7,2,0,0,1.0,0.0,0.0,1,0,Unranked,Unranked,['light heavyweight'],light heavyweight,1995/05/28,72.41,66.56,100.0,69.53,38.96,42.43,57.39,48.68,86.04,50.0,36.17,44.83,,45.04,45.55,10.84
Brendson Ribeiro,The Gorilla,Orthodox,132,32.51,73.12,25.79,0.0,46.18,5.87,58.14,5.33,17,8,0,2,3.0,0.0,0.0,5,0,Unranked,Unranked,['light heavyweight'],light heavyweight,1996/09/08,75.46,76.81,70.2,70.01,60.73,56.33,27.18,26.43,30.91,25.28,39.36,44.83,,52.9,56.39,28.31
Bruno Lopes,Brunao,Orthodox,133,32.29,69.74,33.02,0.0,56.69,2.9,23.26,57.27,14,2,0,1,1.0,0.0,0.0,2,0,Unranked,Unranked,['light heavyweight'],light heavyweight,1993/04/24,73.18,66.49,73.07,66.22,63.97,59.45,34.35,30.16,31.02,29.55,74.56,44.83,,45.04,56.39,28.78
Ihor Potieria,Duelist,Southpaw,134,32.17,83.88,17.9,0.0,43.03,5.99,58.14,13.01,20,8,0,2,6.0,0.0,0.0,8,0,Unranked,Unranked,"['middleweight', 'light heavyweight']",light heavyweight,1996/05/29,85.23,90.85,79.38,80.06,54.9,46.62,17.07,18.29,16.42,17.61,59.58,44.83,,45.04,45.55,11.01
Sean O'Connell,The Real OC,Orthodox,135,32.1,85.92,8.38,0.0,38.72,5.95,93.02,23.86,17,9,0,2,5.0,0.0,0.0,7,0,Unranked,Unranked,['light heavyweight'],light heavyweight,1983/09/02,92.94,95.7,76.0,79.05,53.26,36.84,8.03,9.03,7.07,9.59,49.81,44.83,,45.04,56.39,14.97
Amar Suloev,,Orthodox,136,31.75,65.33,47.41,0.0,53.07,0.04,0.0,0.31,24,7,0,0,2.0,0.0,0.0,2,0,Unranked,Unranked,"['middleweight', 'light heavyweight']",light heavyweight,1976/07/01,64.97,66.03,64.87,65.45,71.76,63.57,38.4,38.59,68.21,37.94,66.11,44.83,,45.04,56.39,10.84
Ricardo Romero,,Orthodox,137,31.72,73.23,15.22,0.0,44.64,2.94,93.02,16.33,11,3,0,1,2.0,0.0,0.0,3,0,Unranked,Unranked,['light heavyweight'],light heavyweight,1978/04/15,69.19,65.53,90.27,67.94,50.47,47.08,15.54,14.45,12.53,13.77,70.18,44.83,,52.9,56.39,10.83
Saparbeg Safarov,,Orthodox,138,31.64,75.63,38.06,0.0,40.97,2.98,23.26,37.7,9,3,0,1,3.0,0.0,0.0,4,0,Unranked,Unranked,"['middleweight', 'light heavyweight']",light heavyweight,1986/10/14,83.02,75.89,78.25,65.35,50.03,57.14,42.32,36.52,40.64,37.57,46.16,44.83,,45.04,34.72,10.56
Hans Stringer,,Orthodox,139,31.55,78.57,34.82,0.0,41.5,2.94,23.26,48.43,22,8,3,1,2.0,0.0,0.0,3,0,Unranked,Unranked,['light heavyweight'],light heavyweight,1987/07/06,78.01,71.03,97.55,67.69,44.03,56.83,37.39,32.38,34.97,33.43,54.77,44.83,,45.04,56.39,10.36
Matt Van Buren,Gutter,Unknown,140,31.46,81.1,0.23,62.91,40.06,6.45,0.0,2.66,7,6,0,0,2.0,0.0,0.0,2,0,Unranked,Unranked,"['light heavyweight', 'ultimate fighter 19 light heavyweight tournament']",light heavyweight,1986/06/12,100.0,62.86,76.27,66.85,56.34,36.02,0.23,0.23,0.2,0.23,56.39,58.53,60.68,58.8,73.62,11.49
Klidson Abreu,White Bear,Orthodox,141,30.82,67.7,14.95,0.0,72.54,2.98,23.26,9.53,15,4,0,1,2.0,0.0,1.0,4,0,Unranked,Unranked,['light heavyweight'],light heavyweight,1992/12/24,64.63,74.12,67.55,64.5,68.98,69.66,14.11,14.67,13.97,13.83,74.8,44.83,,45.04,56.39,76.72
Anton Turkalj,The Pleasure Man,Orthodox,142,30.24,69.47,46.56,0.0,41.45,0.13,0.0,15.27,8,4,0,0,4.0,0.0,0.0,4,0,Unranked,Unranked,"['light heavyweight', 'catch weight']",light heavyweight,1996/06/10,68.39,74.52,70.23,64.74,57.6,55.74,62.09,47.14,48.08,40.96,41.62,44.83,,45.04,45.55,10.84
Mike Whitehead,,Orthodox,143,29.9,62.75,40.64,0.0,53.7,0.0,0.0,78.48,27,8,0,0,1.0,0.0,0.0,1,0,Unranked,Unranked,['light heavyweight'],light heavyweight,1981/06/29,61.4,64.96,59.59,65.05,63.87,64.37,46.68,36.48,41.19,35.15,64.24,44.83,,45.04,56.39,22.32
Homer Moore,The Rock,Orthodox,144,29.0,67.58,55.69,0.0,25.45,0.0,0.0,55.94,26,9,2,0,1.0,0.0,0.0,1,0,Unranked,Unranked,['light heavyweight'],light heavyweight,1971/11/27,55.33,63.59,83.66,67.75,7.58,57.39,75.56,48.34,69.02,49.26,28.34,44.83,,45.04,45.55,8.49
Hector Ramirez,Sick Dog,Orthodox,145,28.91,67.93,38.81,0.0,45.17,0.04,0.0,26.33,10,6,1,0,2.0,0.0,0.0,2,0,Unranked,Unranked,['light heavyweight'],light heavyweight,1976/03/28,67.7,68.48,69.93,65.6,60.59,49.17,40.77,34.76,44.22,33.81,59.85,44.83,,45.04,56.39,11.06
Todd Brown,Bulldog,Orthodox,146,28.7,68.79,2.62,62.91,41.97,0.04,0.0,26.33,16,4,0,0,2.0,0.0,0.0,2,0,Unranked,Unranked,['light heavyweight'],light heavyweight,1976/12/13,68.01,63.79,76.4,66.96,51.83,52.54,2.53,2.68,2.22,2.72,52.76,58.53,60.68,58.8,73.62,10.75
Sean Salmon,,Southpaw,147,28.5,62.19,42.08,0.0,44.64,0.04,0.0,5.84,18,21,0,0,2.0,0.0,0.0,2,0,Unranked,Unranked,['light heavyweight'],light heavyweight,1977/09/11,60.64,62.71,59.96,65.45,67.19,64.47,55.5,38.88,49.47,37.63,36.09,44.83,,45.04,45.55,10.81
Robert Drysdale,,Orthodox,148,28.3,0.0,79.48,83.15,0.0,0.0,0.0,18.44,7,0,0,0,0.0,0.0,1.0,1,0,Unranked,Unranked,['light heavyweight'],light heavyweight,1981/10/05,31.49,40.48,,43.47,,71.6,100.0,62.06,100.0,62.1,47.42,74.18,100.0,57.78,72.34,100.0
Wagner Prado,Caldeirao,Southpaw,149,26.82,65.71,0.75,57.18,40.95,0.09,0.0,4.99,12,3,0,0,3.0,0.0,0.0,3,0,Unranked,Unranked,['light heavyweight'],light heavyweight,1986/12/30,63.53,63.45,69.5,66.35,53.14,57.07,0.76,0.79,0.67,0.79,42.94,59.94,62.14,60.22,46.42,10.66
Antonio Mendes,Samurai,Southpaw,150,26.55,69.42,34.72,0.0,35.62,0.04,0.0,3.18,18,13,0,0,2.0,0.0,0.0,2,0,Unranked,Unranked,['light heavyweight'],light heavyweight,1981/04/19,61.16,63.92,79.56,73.04,28.88,33.42,36.47,28.9,37.43,28.32,69.46,44.83,,45.04,56.39,10.72
Bojan Mihajlovic,,Orthodox,151,26.54,62.33,0.69,62.91,38.73,0.09,0.0,4.51,10,6,0,0,3.0,0.0,0.0,3,0,Unranked,Unranked,"['light heavyweight', 'heavyweight']",light heavyweight,1980/03/30,58.75,61.76,62.87,65.94,53.36,41.07,0.69,0.72,0.61,0.72,49.23,58.53,60.68,58.8,73.62,11.26
Dequan Townsend,The Tarantula,Orthodox,152,26.46,62.66,0.23,62.91,38.49,0.13,0.0,1.23,21,12,0,0,4.0,0.0,0.0,4,0,Unranked,Unranked,"['middleweight', 'light heavyweight']",light heavyweight,1986/05/11,57.58,68.0,60.42,64.63,42.12,50.99,0.23,0.23,0.2,0.23,50.32,58.53,60.68,58.8,73.62,10.52
Nick Penner,The Quiet Assassin,Southpaw,153,26.31,61.94,1.01,62.91,37.5,0.04,0.0,12.09,11,3,0,0,2.0,0.0,0.0,2,0,Unranked,Unranked,['light heavyweight'],light heavyweight,1980/03/26,58.47,62.26,56.26,70.78,42.76,47.49,1.0,1.03,0.88,1.05,49.07,58.53,60.68,58.8,73.62,10.68
Ozzy Diaz,,Orthodox,154,26.11,82.0,0.0,0.0,50.46,2.9,23.26,0.0,10,3,0,1,1.0,0.0,0.0,2,0,Unranked,Unranked,"['middleweight', 'light heavyweight']",light heavyweight,1990/11/22,100.0,77.39,80.76,65.4,72.08,36.44,0.0,0.0,0.0,0.0,61.83,44.83,,45.04,56.39,31.49
Tom DeBlass,,Orthodox,155,25.92,63.66,31.81,0.0,41.43,0.04,0.0,44.98,9,2,0,0,2.0,0.0,0.0,2,0,Unranked,Unranked,"['middleweight', 'light heavyweight']",light heavyweight,1982/05/14,60.12,67.9,61.8,64.82,44.26,51.3,31.64,29.94,38.09,31.23,47.59,44.83,,45.04,56.39,22.57
Julius Walker,Juice Box,Orthodox,156,25.81,79.79,13.55,0.0,47.06,0.0,0.0,67.83,6,1,0,0,1.0,0.0,0.0,1,0,Unranked,Unranked,['light heavyweight'],light heavyweight,1999/07/16,99.28,72.05,81.68,66.15,47.88,42.94,13.04,12.89,11.39,12.61,74.44,44.83,,45.04,56.39,22.98
Kazuhiro Nakamura,Kaz,Orthodox,157,25.73,64.22,26.51,0.0,46.26,0.04,0.0,10.96,21,13,0,0,2.0,0.0,0.0,2,0,Unranked,Unranked,['light heavyweight'],light heavyweight,1979/07/16,61.51,64.49,65.14,65.73,60.65,64.44,28.32,26.04,28.35,24.17,49.35,44.83,,45.04,56.39,10.6
Ron Faircloth,,Orthodox,158,25.3,62.62,0.0,0.0,77.92,0.0,0.0,0.0,33,20,0,0,1.0,0.0,0.0,1,0,Unranked,Unranked,['light heavyweight'],light heavyweight,1979/08/16,51.78,62.33,69.76,66.61,68.96,30.38,0.0,0.0,0.0,0.0,53.13,44.83,,45.04,56.39,100.0
Ivan Erslan,,Orthodox,159,24.96,70.03,15.74,0.0,49.34,0.04,0.0,43.03,14,5,0,0,2.0,0.0,0.0,2,0,Unranked,Unranked,['light heavyweight'],light heavyweight,1991/11/15,69.69,71.29,73.58,65.56,63.19,48.12,14.97,15.15,15.07,15.61,62.62,44.83,,45.04,56.39,23.42
Reese Andy,Riptide,Orthodox,160,24.44,73.17,14.76,0.0,44.54,0.04,0.0,22.54,7,3,0,0,2.0,0.0,0.0,2,0,Unranked,Unranked,['light heavyweight'],light heavyweight,1973/03/31,74.12,69.75,82.22,66.58,61.54,55.59,14.85,14.74,14.65,14.6,50.12,44.83,,45.04,56.39,10.91
Roger Hollett,The Hulk,Orthodox,161,24.09,69.5,20.58,0.0,39.14,0.04,0.0,27.36,13,5,0,0,2.0,0.0,0.0,2,0,Unranked,Unranked,['light heavyweight'],light heavyweight,1978/10/08,64.53,68.91,78.21,66.36,43.28,39.35,21.23,20.63,21.6,20.28,50.38,44.83,,45.04,56.39,23.55
Justin Jones,Black Dynamite,Orthodox,162,23.92,64.62,17.93,0.0,46.29,0.04,0.0,57.68,9,2,0,0,2.0,0.0,0.0,2,0,Unranked,Unranked,"['middleweight', 'light heavyweight']",light heavyweight,1987/09/06,61.87,68.79,63.02,64.81,50.9,58.83,18.12,18.51,16.43,18.31,53.19,44.83,,45.04,56.39,22.25
James Zikic,The Messenger,Orthodox,163,23.64,63.24,15.31,0.0,49.37,0.0,0.0,34.02,21,10,2,0,1.0,0.0,0.0,1,0,Unranked,Unranked,['light heavyweight'],light heavyweight,1977/03/01,60.38,64.86,62.34,65.38,48.31,66.82,14.48,14.14,15.23,14.37,60.86,44.83,,45.04,56.39,21.5
Razak Al-Hassan,,Orthodox,164,23.58,69.38,12.11,0.0,46.78,0.04,0.0,25.1,13,5,0,0,2.0,0.0,0.0,2,0,Unranked,Unranked,['light heavyweight'],light heavyweight,1982/05/14,76.2,68.92,67.13,65.27,63.0,57.61,12.0,11.93,11.23,11.88,55.65,44.83,,45.04,45.55,10.86
Cory Walmsley,Hardcore,Orthodox,165,23.39,89.33,0.03,0.0,40.6,0.0,0.0,0.41,8,2,0,0,1.0,0.0,0.0,1,0,Unranked,Unranked,['light heavyweight'],light heavyweight,,60.17,67.53,100.0,72.38,51.29,66.49,0.03,0.03,0.03,0.03,34.33,44.83,,45.04,45.55,10.29
Phillip Miller,,Orthodox,166,22.92,0.0,39.2,68.92,0.0,5.74,58.14,100.0,16,0,0,2,,,,2,0,Unranked,Unranked,"['middleweight', 'light heavyweight']",light heavyweight,1979/02/20,40.97,40.48,,43.47,,60.21,43.49,37.25,33.18,36.37,45.71,65.17,65.62,70.13,74.76,100.0
Magomed Gadzhiyasulov,,Orthodox,167,22.83,0.0,56.28,62.91,0.0,2.9,23.26,62.81,9,1,0,1,1.0,0.0,0.0,2,0,Unranked,Unranked,['light heavyweight'],light heavyweight,1993/11/04,48.51,40.48,,43.47,,61.92,63.23,47.44,67.73,49.36,53.65,58.53,60.68,58.8,73.62,60.0
Victor Valimaki,The Matrix,Orthodox,168,22.79,67.49,11.91,0.0,44.54,0.04,0.0,6.56,18,10,0,0,2.0,0.0,0.0,2,0,Unranked,Unranked,['light heavyweight'],light heavyweight,,79.88,71.98,54.6,63.5,70.53,59.67,13.14,12.91,11.94,12.19,36.91,44.83,,45.04,56.39,11.06
Matt Lucas,Luke Duke,Unknown,169,22.64,68.23,13.91,0.0,40.52,0.0,0.0,84.43,15,3,0,0,1.0,0.0,0.0,1,0,Unranked,Unranked,['light heavyweight'],light heavyweight,,60.25,65.01,80.47,67.2,47.08,54.7,15.3,15.24,13.22,15.02,37.7,44.83,,45.04,56.39,22.6
Shane Primm,,Orthodox,170,22.28,57.7,18.42,0.0,43.54,0.0,0.0,15.78,5,5,0,0,1.0,0.0,0.0,1,0,Unranked,Unranked,['light heavyweight'],light heavyweight,1984/07/30,54.0,61.64,50.64,64.52,64.41,62.94,21.74,19.05,18.94,18.34,36.01,44.83,,45.04,45.55,10.79
Daniel Spohn,Dragon,Southpaw,171,21.71,71.28,0.69,0.0,48.51,0.0,0.0,13.11,15,6,0,0,1.0,0.0,0.0,1,0,Unranked,Unranked,['light heavyweight'],light heavyweight,1984/10/12,70.65,65.69,81.64,67.14,57.47,68.29,0.7,0.72,0.61,0.72,46.32,44.83,,45.04,56.39,21.97
Andre Gusmao,,Orthodox,172,21.28,69.92,1.08,0.0,46.92,0.04,0.0,11.27,6,3,0,0,2.0,0.0,0.0,2,0,Unranked,Unranked,['light heavyweight'],light heavyweight,1977/05/19,72.63,68.47,72.7,65.88,63.15,56.84,1.04,1.08,0.91,1.08,56.82,44.83,,45.04,56.39,10.88
Chris Haseman,The Hammer,Orthodox,173,20.95,76.83,0.13,0.0,39.4,0.0,0.0,2.87,20,17,0,0,1.0,0.0,0.0,1,0,Unranked,Unranked,['light heavyweight'],light heavyweight,1969/06/02,59.26,66.19,100.0,69.68,35.39,48.94,0.13,0.13,0.11,0.13,51.04,44.83,,45.04,56.39,22.23
Bill Mahood,The Butcher,Orthodox,174,20.36,84.53,0.0,0.0,28.56,0.0,0.0,0.0,20,7,1,0,1.0,0.0,0.0,1,0,Unranked,Unranked,['light heavyweight'],light heavyweight,1967/02/01,66.33,66.26,100.0,71.09,22.37,49.38,0.0,0.0,0.0,0.0,32.69,44.83,,45.04,45.55,9.8
Diyar Nurgozhay,,Southpaw,175,20.04,0.0,55.63,60.04,0.0,0.0,0.0,10.04,10,1,0,0,1.0,0.0,0.0,1,0,Unranked,Unranked,['light heavyweight'],light heavyweight,1997/04/22,49.92,40.48,,43.47,,51.53,52.08,43.44,76.07,42.72,63.85,59.19,61.37,59.47,60.14,10.0
Alexandre Ferreira,Cacareco,Orthodox,176,19.71,76.11,0.39,0.0,32.92,0.0,0.0,0.0,18,6,0,0,1.0,0.0,0.0,1,0,Unranked,Unranked,['light heavyweight'],light heavyweight,1979/04/25,73.63,64.55,97.63,68.64,51.73,28.14,0.41,0.43,0.36,0.42,39.86,44.83,,45.04,56.39,11.94
Rex Holman,Big Dog,Southpaw,177,19.26,65.44,0.52,0.0,40.92,0.0,0.0,0.0,4,2,0,0,1.0,0.0,0.0,1,0,Unranked,Unranked,['light heavyweight'],light heavyweight,,71.92,62.99,61.29,65.56,46.95,32.46,0.47,0.5,0.42,0.48,72.99,44.83,,45.04,56.39,11.27
Wes Combs,The Soldier,Orthodox,178,19.18,70.1,0.0,0.0,36.4,0.04,0.0,0.1,20,6,0,0,2.0,0.0,0.0,2,0,Unranked,Unranked,['light heavyweight'],light heavyweight,1973/06/18,68.2,64.43,80.52,67.25,50.17,47.89,0.0,0.0,0.0,0.0,36.58,44.83,,45.04,34.72,10.96
Kristian Rothaermel,,Open Stance,179,18.91,67.73,0.39,0.0,36.83,0.0,0.0,0.0,4,3,0,0,1.0,0.0,0.0,1,0,Unranked,Unranked,['light heavyweight'],light heavyweight,1972/01/31,55.98,63.48,83.69,67.77,43.85,58.72,0.41,0.43,0.36,0.42,34.44,44.83,,45.04,45.55,10.32
Jules Bruchez,,Southpaw,180,18.67,67.57,0.0,0.0,36.13,0.0,0.0,0.0,1,2,0,0,1.0,0.0,0.0,1,0,Unranked,Unranked,['light heavyweight'],light heavyweight,1977/08/16,55.46,63.27,83.74,67.81,52.2,43.72,0.0,0.0,0.0,0.0,37.39,44.83,,45.04,45.55,11.21
Rafael Cerqueira,The Lion,Southpaw,181,18.08,70.43,0.0,0.0,29.95,0.04,0.0,0.0,11,2,0,0,2.0,0.0,0.0,2,0,Unranked,Unranked,['light heavyweight'],light heavyweight,1991/03/15,77.94,63.52,73.58,66.68,59.86,0.0,0.0,0.0,0.0,0.0,46.12,44.83,,45.04,56.39,13.82
Michael Patt,,Orthodox,182,17.94,60.52,0.13,0.0,38.92,0.04,0.0,0.0,12,4,0,0,2.0,0.0,0.0,2,0,Unranked,Unranked,['light heavyweight'],light heavyweight,,61.25,63.09,53.13,64.61,61.63,44.51,0.14,0.14,0.12,0.14,38.12,44.83,,45.04,56.39,11.42
Fabio Cherant,Water Buffalo,Southpaw,183,17.93,65.12,0.2,0.0,34.11,0.09,0.0,1.5,7,4,0,0,3.0,0.0,0.0,3,0,Unranked,Unranked,['light heavyweight'],light heavyweight,1994/11/25,59.89,65.44,69.14,66.01,43.3,46.23,0.21,0.22,0.19,0.22,36.09,44.83,,45.04,45.55,10.82
Jeff Newton,,Sideways,184,17.09,53.79,0.07,0.0,41.06,0.0,0.0,1.84,4,2,0,0,1.0,0.0,0.0,1,0,Unranked,Unranked,['light heavyweight'],light heavyweight,1966/12/11,48.6,59.95,42.85,63.75,53.48,65.72,0.07,0.08,0.07,0.08,34.66,44.83,,45.04,45.55,10.39
Nick Roehrick,,Orthodox,185,16.66,57.92,0.13,0.0,34.46,0.0,0.0,2.87,7,1,0,0,1.0,0.0,0.0,1,0,Unranked,Unranked,['light heavyweight'],light heavyweight,1987/07/06,64.4,66.98,38.24,62.07,52.02,35.61,0.14,0.14,0.12,0.14,38.63,44.83,,45.04,56.39,11.58
Ivan Serati,,Orthodox,186,16.02,57.67,0.26,0.0,30.99,0.0,0.0,0.0,12,4,0,0,1.0,0.0,0.0,1,0,Unranked,Unranked,['light heavyweight'],light heavyweight,,54.39,60.87,50.76,64.67,34.85,42.83,0.27,0.29,0.24,0.28,35.61,44.83,,45.04,56.39,10.67
Navajo Stirling,,Orthodox,187,15.88,0.0,21.86,62.91,0.0,5.74,23.26,24.08,7,0,0,2,,,,2,0,Unranked,Unranked,['light heavyweight'],light heavyweight,1997/11/07,69.36,40.48,,47.03,,56.9,21.58,20.14,21.82,20.01,25.75,58.53,60.68,58.8,73.62,100.0
James Bochnovic,,Orthodox,188,15.87,57.32,0.85,0.0,29.76,0.04,0.0,6.86,8,3,0,0,2.0,0.0,0.0,2,0,Unranked,Unranked,"['middleweight', 'light heavyweight']",light heavyweight,1989/02/13,52.38,61.83,50.6,64.47,26.0,49.88,0.89,0.94,0.79,0.92,33.21,44.83,,45.04,45.55,9.95
Gokhan Saki,The Rebel,Orthodox,189,15.34,0.0,0.07,62.91,0.0,2.9,93.02,0.92,1,2,0,1,1.0,0.0,0.0,2,0,Unranked,Unranked,['light heavyweight'],light heavyweight,1983/10/19,73.25,40.48,,50.58,,44.63,0.06,0.07,0.06,0.07,0.1,58.53,60.68,58.8,73.62,25.0
Askar Mozharov,,Orthodox,190,14.91,53.26,0.0,0.0,29.57,0.0,0.0,0.0,19,13,0,0,1.0,0.0,0.0,1,0,Unranked,Unranked,['light heavyweight'],light heavyweight,1994/10/26,49.64,59.71,40.26,63.43,19.15,46.56,0.0,0.0,0.0,0.0,42.79,44.83,,45.04,56.39,9.78
John Lober,The Machine,Orthodox,191,14.22,44.57,0.52,0.0,25.95,6.41,0.0,0.0,5,9,4,0,1.0,0.0,0.0,1,0,Unranked,Unranked,['light heavyweight'],light heavyweight,1968/02/26,43.59,56.64,17.88,60.17,7.48,59.98,0.55,0.58,0.48,0.56,27.96,44.83,,45.04,45.55,8.38
Igor Zinoviev,Houdini,Orthodox,192,14.09,44.51,0.0,0.0,25.95,6.41,0.0,0.0,4,1,2,0,1.0,0.0,0.0,1,0,Unranked,Unranked,['light heavyweight'],light heavyweight,,43.65,56.22,17.91,60.26,7.48,59.98,0.0,0.0,0.0,0.0,27.96,44.83,,45.04,56.39,8.38
Shamil Gamzatov,,Orthodox,193,10.55,0.0,0.49,62.91,0.0,2.9,23.26,1.13,14,1,0,1,1.0,0.0,0.0,2,0,Unranked,Unranked,['light heavyweight'],light heavyweight,1990/08/09,63.0,40.48,,43.47,,51.18,0.48,0.51,0.42,0.49,0.56,58.53,60.68,58.8,73.62,25.0
Cory Hendricks,,Switch,194,8.27,0.0,0.43,62.91,0.0,0.0,0.0,3.69,3,1,0,0,1.0,0.0,0.0,1,0,Unranked,Unranked,['light heavyweight'],light heavyweight,1988/05/10,49.92,40.48,,43.47,,47.58,0.39,0.41,0.34,0.4,0.6,58.53,60.68,58.8,73.62,20.0
Tom Blackledge,,Orthodox,195,7.82,0.0,0.07,60.04,0.0,0.0,0.0,1.84,10,7,0,0,1.0,0.0,0.0,1,0,Unranked,Unranked,['light heavyweight'],light heavyweight,,48.63,40.48,,43.47,,56.55,0.07,0.07,0.06,0.07,0.09,59.19,61.37,59.47,60.14,10.0
